x,y,z
0.057052580000000006,-0.04356492,1.00251884
0.05634839999999999,-0.040939079999999996,1.0024433099999999
0.05498777999999999,-0.03975834,1.00232787
0.056527759999999996,-0.040379380000000006,1.00254864
0.06818485999999999,-0.05009701999999999,1.00356565
0.07997151999999999,-0.06469376,1.00532106
0.09913732,-0.07865061999999999,1.0080692400000002
0.11982032,-0.09187104,1.01142473
0.13488096,-0.10181196,1.01447827
0.13956432,-0.10478712,1.01537859
0.1438057,-0.1086919,1.0163704500000001
0.14089842,-0.10991994,1.01601153
0.14427705999999998,-0.1139297,1.01715475
0.14335837999999998,-0.11286511999999999,1.01676544
0.14496160000000002,-0.11075664,1.0167923
0.14152686,-0.10485860000000001,1.01555852
0.13515146,-0.09795846,1.0138696699999998
0.14372656,-0.10207912000000001,1.01564511
0.14072533999999998,-0.1030393,1.0153506300000001
0.13997568,-0.09662166,1.0145349600000002
0.14168461999999998,-0.09600610000000001,1.01470441
0.14409677999999998,-0.09704834,1.0152637100000002
0.14404554,-0.09904139999999999,1.015517
0.13999952000000002,-0.10299536,1.01518195
0.13823192,-0.10846244,1.01566675
0.1333726,-0.10765669999999998,1.0146562000000001
0.12720230000000002,-0.10654419999999999,1.0138026
0.12495892000000001,-0.10042364,1.01279761
0.12521664000000002,-0.10234808000000001,1.01312042
0.12760631999999997,-0.10766207999999998,1.01404506
0.1326446,-0.11990819999999999,1.01626205
0.13854310000000003,-0.13145328,1.01839904
0.14215096,-0.13161308,1.01899432
0.14445360000000002,-0.13216972,1.0193949500000001
0.15248838,-0.13111778000000002,1.0202771899999998
0.16009356,-0.14995024,1.02442832
0.1666092,-0.16241106,1.0274908000000003
0.16047286,-0.16250198,1.0263547499999999
0.15481279999999997,-0.1510349,1.0236147999999998
0.15156972,-0.13562648,1.02102791
0.13977298,-0.08353595999999999,1.0134172399999999
0.12521256,0.002149920000000003,1.0077465
0.11202988,0.09964706000000001,1.0113123599999998
0.11717626,0.18917524,1.0250266799999999
0.12790764000000002,0.29309548,1.0526182999999998
0.12402835999999999,0.39205547999999996,1.0884010700000002
0.11528580000000004,0.48024100000000003,1.1304828199999999
0.09193817999999994,0.57818042,1.18933181
0.04284311999999996,0.67497528,1.2634543599999999
-0.0075465399999999905,0.75305508,1.34203172
-0.055449079999999984,0.8300380399999999,1.44536767
-0.09252336,0.89715688,1.56832277
-0.09784483999999993,0.9410577999999998,1.67597838
-0.08949212000000012,0.95706428,1.7241597100000001
-0.07648949999999999,0.9576628800000001,1.7229278399999999
-0.058208979999999966,0.9468156400000001,1.68357652
-0.034703380000000006,0.9104221400000001,1.58786247
-0.014953300000000003,0.8510164199999999,1.47504881
-0.005490959999999989,0.7797842,1.37398103
-0.011816040000000028,0.68302524,1.26974763
-0.014484959999999991,0.58366728,1.18806301
-0.009141199999999933,0.481939,1.12384296
-0.01077019999999998,0.38797272,1.0785322099999999
-0.006971040000000012,0.30254601999999997,1.04691344
0.0016296000000000088,0.22136338,1.0246798400000001
0.006891499999999995,0.131989,1.0087414000000001
0.005613780000000004,0.05877266,1.0017148699999998
0.0133007,-0.014462279999999997,1.00023596
0.012015880000000001,-0.040078560000000006,1.0008761599999998
0.02406936,-0.05761096,1.00197068
0.031214720000000005,-0.07330196,1.00312833
0.03597465999999999,-0.08224408,1.00410112
0.04181703999999999,-0.08882506,1.0048543199999997
0.04758398,-0.09010773999999999,1.0052883700000002
0.05676706000000001,-0.08756931999999999,1.0055024399999999
0.06213354000000001,-0.07698502,1.0048469899999999
0.07702372,-0.05653876,1.00456894
0.07491992,0.009218140000000007,1.00288312
0.061752240000000014,0.11419632000000002,1.0084629399999998
0.050564120000000025,0.23437664,1.02919008
0.040056040000000015,0.36064048000000004,1.0681788700000001
0.021686499999999942,0.4749685,1.12016367
0.00120505999999998,0.56764328,1.1766909600000002
-0.02467716000000003,0.6607031800000001,1.24970444
-0.04491326000000001,0.73860418,1.32746247
-0.08082626000000004,0.79763532,1.402283
-0.09333392000000007,0.8347158600000001,1.4572054399999999
-0.08713444000000004,0.86123864,1.49915653
-0.08701944,0.8778306,1.5288241500000002
-0.07171415999999997,0.88200578,1.5342082400000001
-0.042065419999999965,0.8710380600000001,1.5104323699999997
-0.02843133999999997,0.8475261199999999,1.4700384400000002
-0.002047680000000107,0.7789386599999999,1.37291888
0.044607379999999974,0.67067784,1.2596736800000001
0.06642805999999996,0.55656414,1.1717026700000002
0.05955836000000003,0.43856368,1.1033068300000002
0.05291199999999996,0.31922000000000006,1.05384156
0.032100359999999974,0.21762276,1.02449778
0.013896079999999991,0.15293884000000002,1.0117904699999998
-0.006987720000000024,0.12656166000000002,1.00812412
-0.012267800000000002,0.10490190000000002,1.00548668
0.0011553599999999976,0.041368159999999994,1.00079048
0.0206548,-0.049517599999999995,1.0014792
0.04094418,-0.1446936,1.0113216
0.045514799999999994,-0.1829478,1.0179361500000002
0.05714128,-0.19188064,1.02025572
0.06553599999999998,-0.20944916,1.02428437
0.07851807999999999,-0.20618103999999998,1.0246473100000002
0.08442383999999999,-0.16366648,1.01719613
0.08751086,-0.08247738,1.0071679100000002
0.06404298,0.06616964,1.00420916
0.05143535999999999,0.22969168,1.0280865799999999
0.01663462,0.12506222,1.5948588099999998
0.00015578,0.18539034000000001,1.62168827
0.00012496000000000002,-0.000125,1.6095
0.013818120000000045,0.6967198,1.28286941
-0.017114439999999953,0.76614992,1.35760089
0.01510876,0.38775194,1.72658572
0.01446204,0.42437608,1.75761032
0.00019168,0.43386268,1.7839766400000001
0.00019174,0.43860178,1.80375411
-0.012017280000000019,0.9021974399999999,1.56887412
-0.0059154400000000495,0.88811672,1.54040457
0.005761300000000025,0.8647169,1.4978317899999998
0.00012580000000000002,-0.00012584,1.6042332
0.009778320000000007,0.7565248200000001,1.34608216
-0.005805240000000045,0.672903,1.26040257
-0.01631221999999999,0.5734572600000001,1.18105583
-0.010730399999999973,0.45955560000000006,1.11198318
0.0034094400000000136,0.34704258,1.0620911199999998
0.021673839999999972,0.25546478,1.03346928
0.04103657999999999,0.19588702,1.0203026899999998
0.04379134,0.15125371999999998,1.01245276
0.04624504,0.10575636,1.00659368
0.0408738,0.0637766,1.0028075
0.043235300000000004,0.02466728,1.0012143999999998
0.04530168,-0.01163608,1.00111346
0.055687920000000016,-0.06215346000000001,1.0035104799999996
0.06729848000000001,-0.11164985999999999,1.00861568
0.07829078,-0.14280814,1.01327833
0.08710515999999999,-0.16142212,1.0169466999999999
0.10040015999999999,-0.15797397999999999,1.01771528
0.11317297999999998,-0.15919362,1.0192465099999999
0.13151499999999997,-0.1551094,1.0210126599999998
0.13964755999999998,-0.11894767999999999,1.01691777
0.11984058,-0.05613894,1.00883495
0.11002788,0.028216319999999993,1.00647031
0.11176259999999999,0.13261979999999995,1.0152683500000002
0.09958240000000002,0.25282368,1.03764695
0.01630596,0.12214356000000001,1.6294096200000001
0.00012306,-0.00012309999999999998,1.62128285
0.00012208000000000002,-0.00012212,1.62728976
0.024312720000000065,0.7019301600000001,1.28823453
0.0033830999999999722,0.7717335000000001,1.3640422500000002
0.0006201599999999252,0.82616792,1.43656544
0.00018712000000000004,0.40963654000000005,1.77844992
0.00011442,-0.00011446000000000001,1.67258717
-0.01388379999999989,0.91630924,1.5998648999999998
-0.002888040000000036,0.9112545599999999,1.58804992
0.01359748000000005,0.89340566,1.5510818800000001
0.04588312,0.85429576,1.48215439
0.06780976000000005,0.7857256799999999,1.38508793
0.07394876000000006,0.69011792,1.28014953
0.07492091999999995,0.59401492,1.1990374099999999
0.00013534000000000002,-0.00013538,1.54194177
0.05966751999999999,0.41288446,1.09119216
0.04699924,0.36480328,1.07007481
0.012840000000000018,0.37443455999999997,1.0727514999999999
0.004209080000000004,0.31024176000000003,1.04941313
-8.455999999998354e-05,0.23934808,1.0289940400000002
0.0007800199999999924,0.1928682,1.0188556400000002
0.011254879999999981,0.14061866,1.0100759999999998
0.027705179999999996,0.08687950000000001,1.00422599
0.04413012,0.04097344,1.00181927
0.07279532,0.003582839999999997,1.00268426
0.09955593999999998,-0.038201059999999995,1.0057915300000002
0.12790402,-0.08090642,1.0114905900000002
0.15119532,-0.11101236000000002,1.01759134
0.16387172,-0.11987156000000002,1.0207920599999998
0.17698571999999999,-0.14381915999999997,1.0263124600000002
0.18789576,-0.14861312,1.02920498
0.19465268,-0.15363652,1.03134334
0.18064704,-0.16716272000000001,1.0309013
0.18330306,-0.16607526,1.0311467699999999
0.19097304,-0.16071026,1.03164728
0.19789264,-0.16819308,1.0343626700000002
0.18950856,-0.17226367999999997,1.0334133799999998
0.15141384,-0.11962548,1.01876897
0.10924835999999999,0.025158380000000004,1.00626524
0.08056952,0.20167832000000002,1.0238396400000003
0.04408086000000003,0.37700528,1.07478248
0.015730279999999985,0.52282004,1.1475661799999999
0.00015790000000000002,0.23926498,1.69959525
0.01440546,0.28973882,1.73410589
0.00011480000000000003,-0.00011484000000000002,1.6704092
-0.08036369999999993,0.83637122,1.45792535
-0.09031684000000006,0.8815783800000001,1.5367449199999998
0.00019446,0.46065562,1.84919627
0.00011114,-0.00011118,1.69108637
-0.08942782000000005,0.9147312000000001,1.60618976
0.00011659999999999999,-0.00011664,1.6599944
-0.009113499999999997,0.8111065000000001,1.4153081699999999
0.01582351999999998,0.73805744,1.32549813
0.027825840000000046,0.63708246,1.2297292800000001
0.00012856000000000003,-0.0001286,1.5866796
0.02520854,0.40422156000000004,1.0856013199999999
0.018805079999999974,0.28763084,1.04256386
0.00013000000000000002,-0.00013004,1.57737
0.04985736,0.05731115999999999,1.0029873299999998
0.07108808,-0.029665359999999998,1.00300204
0.08865044,-0.08608589999999999,1.0075766000000002
0.00012232,-0.00012236,1.62582312
0.00011876000000000001,-0.0001188,1.6472828
0.00011642000000000003,-0.00011646000000000002,1.66104317
0.1339971,-0.22968036000000003,1.0359965199999999
0.13724142,-0.22631148,1.03556116
0.1422269,-0.22275748,1.0355225999999997
0.00011044,-0.0174821,1.6780674
0.14410542,-0.21565602,1.03417939
0.13752176,-0.21071644,1.03209973
0.13289202,-0.20456112,1.03009504
0.12524301999999998,-0.19451824,1.02719272
0.12669512000000002,-0.19182855999999998,1.02685806
0.1292888,-0.18989280000000003,1.0266821
0.12924784,-0.18728987999999996,1.02616832
0.00010894,-0.01530018,1.6883771300000001
0.00010829999999999999,-0.016009939999999997,1.6911825500000002
0.1389348,-0.17905942,1.0260185599999998
0.14760907999999998,-0.17420466,1.02644876
0.14986557999999997,-0.17509396,1.0270894799999999
0.15368607999999997,-0.16830879999999998,1.0263715599999998
0.16564879999999998,-0.14364628000000002,1.0242032500000002
0.15784124,-0.11613168000000001,1.01940557
0.1568097,-0.08512206000000001,1.01609083
0.1567646,-0.0559882,1.0138489
0.16505232,-0.04484335999999999,1.0146021200000002
0.16923078,-0.05479424,1.0159102399999997
0.16486289999999998,-0.0669077,1.01594315
0.1694608,-0.054194400000000004,1.0160377999999999
0.16599867999999998,-0.06325324,1.01585397
0.14792348000000002,-0.05760932000000001,1.0126227399999999
0.12810196,-0.06277602,1.0101892399999999
0.12473736,-0.07410978,1.01060056
0.11740352,-0.09547156,1.01149761
0.12637402,-0.08678144,1.0117741599999999
0.11838332,-0.08174328,1.0104569899999998
0.13321197999999998,-0.0956936,1.0135551999999999
0.12425864,-0.12227484,1.0152975199999998
0.13962857999999997,-0.13009458,1.01836029
0.18283146,-0.12081716,1.0244049199999998
0.26730529999999997,-0.10648189999999998,1.04244885
0.38680276,-0.07919413999999997,1.08131788
0.52954776,-0.042268920000000015,1.15281541
0.64861612,-0.0007784800000000258,1.23883401
0.74291704,0.04089392000000003,1.33194078
0.82496412,0.09558563999999994,1.44279918
0.8868392199999999,0.13029545999999995,1.5566150300000001
0.92486256,0.13503180000000012,1.64442295
0.9577540800000001,0.0947192400000001,1.72855091
0.9755962599999999,0.07225609999999993,1.7931208500000002
0.987072,0.05207472000000002,1.8479813999999999
0.9936614399999999,0.03582511999999993,1.89358598
0.99644292,0.019820959999999943,1.9185421699999998
0.9946452800000001,-0.013536959999999987,1.8968220800000002
0.98361728,-0.08060719999999999,1.83876996
0.94949152,-0.13379613999999995,1.7161053599999998
0.9023366000000002,-0.14007420000000004,1.5922798999999999
0.81563644,-0.12882876,1.43596838
0.6900362,-0.11254239999999999,1.28517865
0.5402965399999999,-0.12238478000000003,1.1675132700000002
0.39394969999999996,-0.14687032,1.0925436000000002
0.26584962,-0.1622536,1.04978384
0.1497987,-0.18320525999999998,1.02857357
0.039552859999999995,-0.18640432,1.01828448
-0.01333013999999999,-0.21854321999999998,1.0243469699999999
-0.0013304600000000055,-0.23864446,1.02897547
0.010146699999999995,-0.23900849999999998,1.0290582500000003
0.006405839999999968,-0.236097,1.02839263
0.010136039999999985,-0.23347172,1.02768062
0.028445280000000003,-0.2335944,1.028055
0.08915996,-0.24595828000000003,1.0348457500000001
0.17627062000000002,-0.26249486,1.05128311
0.29380972,-0.17696092,1.06056706
0.38242374,-0.040492399999999984,1.07693432
0.48340832,0.03216995999999994,1.12531808
0.6302458799999999,0.07622532000000004,1.22724999
0.7660398399999999,0.08835375999999995,1.36335858
0.8595301799999999,0.10196242000000008,1.49900339
0.9249468000000001,0.10709160000000006,1.6352045400000002
0.9645624200000001,0.11693053999999992,1.76346669
0.9827959999999999,0.11188789999999996,1.8525793600000002
0.9893258400000001,0.12618353999999998,1.9276355200000002
0.99088986,0.13259163999999998,1.97239868
0.99409002,0.10496639999999993,1.971802
0.9959849000000001,0.03954787999999998,1.9185702
0.9853520600000001,-0.010452719999999915,1.83020264
0.9605001,-0.0600094599999999,1.7285667500000002
0.9029726200000001,-0.10067418000000006,1.58219141
0.8061445199999999,-0.12246383999999999,1.42128759
0.664639,-0.142173,1.2665367500000002
0.51314532,-0.17044955999999997,1.15876986
0.39130414,-0.19638262,1.1009479899999999
0.30708742,-0.21429734,1.07281737
0.24579434,-0.21842708,1.0557301200000002
0.18816480000000002,-0.1986216,1.03825542
0.14359348,-0.18893696,1.0284105700000001
0.08890695999999998,-0.20481368,1.02538756
0.06852566000000002,-0.21709212,1.0262344399999999
0.08455779999999999,-0.22184691999999998,1.0286581
0.09404077999999999,-0.22833952000000002,1.03100704
0.11413236000000002,-0.22209279999999998,1.03176665
0.14989942,-0.20674874,1.0332247899999998
0.2510539,-0.19350182000000002,1.0515665099999998
0.39718368,-0.16991424,1.0979872
0.54711264,-0.14427247999999998,1.1755446799999998
0.6798664400000001,-0.07970916,1.27118822
0.7668326999999999,-0.011239420000000055,1.35812681
0.8380724399999999,0.028986920000000027,1.4553134600000002
0.8942800799999999,0.06100207999999993,1.55686046
0.93241266,0.07837948,1.6471187600000001
0.95576266,0.095329,1.72201812
0.97143238,0.11513045999999993,1.79242079
0.97623756,0.13239660000000006,1.82919958
0.9798699,0.11692830000000007,1.83810963
0.9798323,0.06519969999999994,1.8108709299999999
0.9637988800000001,0.02854659999999995,1.73478384
0.930335,-0.009445419999999982,1.63323444
0.8645874,-0.052060080000000064,1.5002571900000001
0.7721978,-0.11130130000000005,1.3743426
0.6632803199999999,-0.15099671999999997,1.2669001599999998
0.55480962,-0.16953906000000002,1.1854649099999999
0.43361036,-0.20415598,1.12235764
0.34191464,-0.23793325999999998,1.09103032
0.2520101,-0.26826706,1.07033683
0.2015607,-0.2790029,1.0611610100000002
0.1668664,-0.2811208,1.0549063000000003
0.16751591999999998,-0.28276254,1.05554784
0.17038522,-0.28171386,1.0557467299999999
0.18519442000000003,-0.28525294,1.05946533
0.20006828000000004,-0.28389884,1.06240186
0.23649472000000005,-0.27616144000000004,1.0684010799999997
0.32749486000000005,-0.26535762000000007,1.09304807
0.44918020000000003,-0.21331316,1.1324051499999999
0.61488224,-0.15303039999999996,1.2264616799999999
0.7614589600000001,-0.09320016000000003,1.3584249800000001
0.86198428,-0.02836474,1.4936825200000001
0.91287352,0.014015840000000002,1.59212071
0.94726792,0.054673519999999975,1.6843488400000002
0.96735024,0.07741911999999998,1.75821008
0.97879076,0.1059274,1.82459175
0.98090594,0.10993021999999997,1.83960853
0.97922026,0.09241917999999996,1.8191191500000001
0.97399254,0.0357856800000001,1.77638632
0.9471857400000001,-0.00989810000000002,1.6797372499999998
0.89771504,-0.048774719999999994,1.56223637
0.81319104,-0.07949808000000003,1.42329422
0.7104450600000001,-0.1150483799999999,1.3056186699999999
0.60307114,-0.16242778,1.21892223
0.5149169800000001,-0.20315698000000004,1.1670825899999997
0.43082822,-0.25246785999999993,1.13352883
0.35582457999999995,-0.28704778000000003,1.11057469
0.28946920000000004,-0.28199016,1.0851581300000002
0.2429297,-0.2638779,1.0665027500000002
0.22761564000000006,-0.25368934,1.0597602799999999
0.21949504000000003,-0.24991142,1.05694216
0.23597054000000003,-0.25535098,1.0624226099999998
0.24956559999999997,-0.2527155,1.065116
0.25818756000000004,-0.25640268,1.06856566
0.27066239999999997,-0.25052736,1.0705894800000002
0.33595074,-0.23384028000000004,1.08761292
0.48275944000000004,-0.24275948000000003,1.15865637
0.6081726000000001,-0.2396704,1.24317317
0.7070325399999999,-0.20316591999999994,1.32275688
0.79684258,-0.18148833999999997,1.4236831900000002
0.86719572,-0.1255846,1.51806329
0.91841028,-0.06076267999999996,1.60884926
0.9502585599999998,-0.00411893999999996,1.6884615200000002
0.9716773,0.04326431999999994,1.7673548
0.9864147600000002,0.052981560000000066,1.84506097
0.99122776,0.07108667999999996,1.8885876499999998
0.9926121600000001,0.06974994000000001,1.90112752
0.9922747600000001,0.04914917999999993,1.8868285999999999
0.9856336,0.006019400000000064,1.8313792
0.9670123,-0.02909189999999995,1.7463711499999999
0.9278292800000001,-0.05398404000000001,1.63125767
0.84945198,-0.06584006000000003,1.47649871
0.76665054,-0.11116001999999997,1.36779289
0.66189998,-0.17807939999999994,1.2719930000000002
0.56418596,-0.24074990000000004,1.2103098
0.49149455999999997,-0.27459312,1.17350538
0.45980407999999995,-0.28302584,1.1582285199999998
0.4409109,-0.27919224000000004,1.14716432
0.40863318,-0.28658842,1.1335993100000001
0.33352376,-0.28893684,1.10256728
0.23831684,-0.28964516,1.0730296199999998
0.22063955999999998,-0.29672202000000003,1.0707866799999999
0.23736552000000005,-0.29787384,1.07528607
0.25055130000000003,-0.30083218,1.0799035099999998
0.28054830000000003,-0.30020846,1.08830975
0.32017818,-0.29752221999999995,1.10053031
0.41606896,-0.23949386,1.1228152800000002
0.56423784,-0.16770475999999998,1.19156423
0.70837676,-0.09843932,1.30111969
0.8119059,-0.003901300000000052,1.41607523
0.87309112,0.06190416000000004,1.51648889
0.9048530000000001,0.14866059999999995,1.60110205
0.92770014,0.20284128000000012,1.68613416
0.9256062,0.24735929999999998,1.7130994000000002
0.92804852,0.24280473999999988,1.71702052
0.9191787199999999,0.21115792,1.6675486899999998
0.90300618,0.16542511999999995,1.60348376
0.87499374,0.11706731999999995,1.53005868
0.8165074199999999,0.04599055999999996,1.42446152
0.73350776,-0.02842139999999993,1.32095693
0.62522462,-0.08687941999999998,1.22445949
0.53413038,-0.13650065999999997,1.16557221
0.45516372,-0.18132114000000002,1.1283602799999999
0.3821626,-0.23117662000000003,1.105261
0.31112031999999995,-0.25280359999999996,1.0839462400000004
0.29186872,-0.25714562,1.07859696
0.29544224,-0.24384668,1.0762960000000001
0.2925518,-0.25355704,1.0779012
0.30436724,-0.2550998,1.08222357
0.31370762,-0.25443286000000004,1.08517071
0.32078802,-0.25008494000000003,1.08655181
0.32791364,-0.24533212000000004,1.08762922
0.35461268,-0.23049224000000001,1.09393179
0.36594254,-0.20151613999999995,1.09145197
0.40913784,-0.16482389999999997,1.1025436
0.54281864,-0.130254,1.17037295
0.69423196,-0.08358557999999999,1.28497124
0.8226863600000001,-0.006761640000000013,1.43168507
0.88792384,0.04453551999999997,1.54214596
0.9195453800000001,0.09624965999999999,1.61905775
0.9415372199999998,0.13682630000000004,1.69195265
0.9544545000000001,0.17942143999999993,1.7616548
0.9617956599999999,0.19939272000000016,1.81235264
0.96623488,0.18500925999999993,1.8208048799999998
0.96566656,0.13319039999999993,1.7762259200000001
0.9482054000000001,0.06523959999999993,1.6889547999999999
0.91788016,0.007408880000000007,1.6031288100000003
0.8714934000000001,-0.04203380000000012,1.5115050499999998
0.81294792,-0.09216844000000002,1.42490312
0.74291206,-0.14480498000000003,1.3464309300000001
0.6711195000000001,-0.19651849999999993,1.2850072099999998
0.5791975199999999,-0.25362844000000007,1.2252288800000002
0.49702564000000005,-0.30950592000000005,1.18944848
0.4134013000000001,-0.35275097999999994,1.16063261
0.32855956,-0.38905762,1.1392486800000001
0.28038628,-0.4213598,1.13761954
0.26530982,-0.44439883999999996,1.1445233200000002
0.281945,-0.45218564000000006,1.1537545
0.25076402,-0.4514070600000001,1.14368519
0.2620557,-0.45407069999999994,1.1484493500000001
0.26819501999999995,-0.45987886,1.1535851300000002
0.28745252,-0.45180763999999995,1.1553207000000003
0.31278332,-0.43728880000000003,1.1568782400000002
0.32556818,-0.37252164,1.1308773200000002
0.32270783999999997,-0.25796635999999995,1.0892164700000002
0.30450748,-0.11388791999999998,1.05441161
0.26662144,0.06867452000000002,1.03862976
0.16961778000000002,0.26265797999999996,1.05015331
0.08665273999999998,0.43336399999999997,1.1028760000000002
-0.02451930000000002,0.60758414,1.20610385
-0.11097079999999998,0.738402,1.33493876
-0.17095290000000007,0.82554214,1.46194127
-0.20568512000000005,0.88358504,1.5794505600000002
-0.23200529999999991,0.9243032200000001,1.6966562900000002
-0.22853894000000002,0.9403959400000002,1.74813883
-0.20712076000000007,0.93887104,1.72506957
-0.16580392,0.9367913999999999,1.69231469
-0.13793078000000003,0.93673796,1.67819892
-0.11790963999999993,0.9379765199999999,1.67393825
-0.10195154000000006,0.9366413,1.66528747
-0.10193650000000004,0.9325475400000001,1.6537504699999999
-0.15854955999999998,0.92177694,1.6461381199999998
-0.21838175999999998,0.9105206400000001,1.64878882
-0.3039393800000001,0.8899800599999999,1.65962969
-0.41127916,0.85087536,1.67293472
-0.5061388,0.7908537600000001,1.65595982
-0.56424944,0.72441288,1.60382096
-0.5843182,0.6846428,1.56402969
-0.5691005199999999,0.69081666,1.55380028
-0.51334536,0.7280344599999999,1.54592192
-0.36424056000000005,0.7839271999999999,1.4969912
-0.16423993999999997,0.8199647800000001,1.45163791
0.04085538,0.8253217399999999,1.4368165099999999
0.23770996000000003,0.7857306,1.42893785
0.39259166,0.7240962799999999,1.43276388
0.5291156,0.6352328,1.43744185
0.63417076,0.5442058799999999,1.4508380300000001
0.7085964800000001,0.45283903999999997,1.45884271
0.76236872,0.38897096000000003,1.48264825
0.79996688,0.34737616,1.51045765
0.8235488400000001,0.34975984,1.55333867
0.8363245800000001,0.38972626000000005,1.6142713100000001
0.8322788799999999,0.42585544,1.6452958199999999
0.8329534800000001,0.44499192,1.67071704
0.8173680799999999,0.48869187999999997,1.69510344
0.75802858,0.58179914,1.70507151
0.6612436600000002,0.6779526600000001,1.67888813
0.5263034999999998,0.7812115,1.66411085
0.3436958600000001,0.8864411600000002,1.68985012
0.11803471999999993,0.9445096800000001,1.6933121599999998
-0.09056256000000001,0.94656578,1.69051448
-0.24277266000000003,0.92167578,1.69691151
-0.37016396,0.8854403199999998,1.71911952
-0.46848028,0.8406268399999999,1.7284212700000001
-0.55338292,0.7907531400000001,1.73838812
-0.61677538,0.74303166,1.74079505
-0.6173078399999999,0.74111792,1.7365370299999998
-0.5490757400000001,0.79068578,1.72936687
-0.41552516000000006,0.86545512,1.7201922499999998
-0.19325466000000013,0.93749858,1.71034739
0.05620182000000007,0.9579387399999999,1.71904733
0.29514660000000004,0.9175449,1.7336616399999998
0.49824344,0.83055576,1.75097252
0.63999038,0.72977376,1.75900592
0.7319894600000002,0.64038722,1.76745921
0.7931464,0.5714032,1.78881378
0.8290202199999999,0.52582754,1.80994807
0.8510091999999999,0.49346680000000004,1.82055948
0.8664332,0.45893300000000004,1.80369
0.8638914400000001,0.46112516000000003,1.7973439199999999
0.8400669199999999,0.50801998,1.8093408400000002
0.78646392,0.5916793599999999,1.8226611199999998
0.6940615399999999,0.6968011199999999,1.81857248
0.55794654,0.8078764199999999,1.80979071
0.39249655999999994,0.89466332,1.78660081
0.21666478000000003,0.94853218,1.76880411
0.056757080000000015,0.96597296,1.74775279
-0.11374076,0.9560211200000001,1.72934959
-0.27944003999999995,0.91466256,1.70787043
-0.42276499999999995,0.8556056999999999,1.7012399599999999
-0.52656082,0.7918793399999999,1.69070507
-0.5625389399999999,0.74753688,1.6465893600000001
-0.54805338,0.74486316,1.619395
-0.52557836,0.7603121400000001,1.61825852
-0.48211864000000004,0.79207154,1.62571752
-0.3618040199999999,0.8458511799999999,1.60771109
-0.1966445,0.89474414,1.5989272300000001
-0.04382099999999989,0.9215207999999999,1.61421815
0.12201226000000007,0.9232746199999999,1.63559011
0.2903879199999999,0.8914378,1.65240769
0.45739372000000006,0.82878156,1.6778463799999999
0.6091080199999999,0.73845918,1.71101141
0.71468302,0.64882506,1.73883989
0.7729251,0.5863973,1.75797665
0.81327328,0.53217344,1.7644870199999998
0.83616232,0.49360936000000005,1.76055084
0.8382780599999999,0.50376638,1.79194241
0.8285881999999999,0.5369438200000001,1.8421952400000001
0.7945416,0.5955872000000001,1.8815942
0.7071976999999999,0.70282694,1.92251395
0.5730379800000001,0.81510344,1.91664536
0.41930952,0.9029378400000002,1.90721292
0.25346499999999994,0.9635476200000002,1.91553884
0.07550143999999995,0.9938319199999999,1.9182085
-0.10515430000000003,0.9921618000000001,1.93177172
-0.24429859999999992,0.96877528,1.95747529
-0.3457737600000001,0.9380970200000001,1.97628896
-0.4229841,0.9055692,1.9678212
-0.50030354,0.86438792,1.94961576
-0.5385590600000001,0.8394884600000001,1.92900217
-0.5398118199999999,0.8378265199999999,1.9179319599999998
-0.4970932799999999,0.86010336,1.88492974
-0.39155713999999986,0.9089984799999999,1.85578
-0.20761334000000004,0.96164048,1.82079328
0.027772919999999895,0.9766269599999999,1.7871195899999999
0.25886752000000013,0.93641616,1.7625507200000001
0.42396188,0.86766804,1.74070622
0.53635734,0.7973621399999999,1.7238705699999999
0.60949314,0.7365276000000001,1.70642648
0.6611042600000001,0.67662034,1.67540193
0.6954523,0.63131148,1.6567538
0.71840732,0.6044039800000001,1.6553935599999998
0.7307122800000001,0.59549754,1.66609324
0.7214493,0.61477858,1.68124325
0.6800191200000001,0.6784636,1.72186715
0.5742391199999999,0.7809566400000001,1.75433584
0.42568921999999987,0.87904304,1.78515144
0.2513859599999999,0.9525094000000001,1.82825297
0.043968039999999986,0.9878415999999999,1.8504450300000002
-0.1684426799999999,0.9739998400000001,1.84901801
-0.32561882,0.9315365400000002,1.8375752300000001
-0.4419765999999999,0.8789245,1.8211162
-0.5086254,0.8399813200000001,1.81126355
-0.54263368,0.81732128,1.80572446
-0.56584572,0.80125724,1.80542303
-0.5634013999999999,0.80245006,1.80381292
-0.5599421,0.8030895,1.79636405
-0.5328867,0.8184719800000001,1.7853698900000001
-0.42228755999999995,0.86990088,1.74538653
-0.25714686000000003,0.92578772,1.72267724
-0.05871167999999988,0.9624584399999999,1.73541141
0.13044715999999992,0.95540052,1.7350688300000001
0.2784004200000001,0.92164014,1.72956169
0.41371073999999997,0.8583051400000001,1.6964267300000002
0.5347914000000001,0.7705000000000001,1.65305123
0.6393273999999999,0.6682682,1.6197355
0.70609658,0.57759018,1.5905015900000001
0.7443802599999999,0.5282342999999999,1.59163343
0.76203412,0.49444186,1.58184844
0.7672464000000001,0.48547345999999997,1.58080472
0.7669177599999999,0.49752717999999996,1.5946972799999999
0.7601628200000001,0.51906066,1.6091185099999998
0.7408131199999999,0.56804736,1.6417548800000001
0.68324416,0.65379424,1.67518528
0.5639128199999999,0.7806212400000001,1.7310470800000002
0.40793091999999986,0.89604324,1.82520194
0.21171352000000007,0.9705461599999999,1.88646532
0.006085859999999943,0.9981942199999999,1.94054681
-0.20498708000000004,0.97870788,1.98891746
-0.35663578,0.93379054,1.9708993499999998
-0.48629727999999994,0.87044112,1.9246091600000002
-0.5900113199999999,0.79745244,1.8742677699999999
-0.6256816000000001,0.76697028,1.85728985
-0.5998163400000001,0.7855747,1.84809263
-0.5466758400000001,0.8220059799999999,1.8402089600000002
-0.47041926,0.868771,1.8446354
-0.3245048400000001,0.92921478,1.82333268
-0.13934626,0.9722643400000001,1.81187383
0.03214672000000007,0.9757064,1.78326604
0.1892998800000001,0.9467755400000001,1.7393577199999999
0.32657962000000007,0.90010062,1.71156719
0.43634651999999996,0.83905684,1.67459057
0.51665458,0.77840884,1.64315604
0.5899758799999999,0.70611304,1.6084635699999998
0.6507906000000001,0.6389900000000001,1.58985803
0.6892963200000002,0.58257172,1.56935744
0.71402492,0.53379232,1.54669431
0.72909578,0.50585254,1.53892945
0.73005896,0.5070413,1.541928
0.7140995800000001,0.54269094,1.5580680500000001
0.676572,0.6169665200000001,1.5979208
0.59282636,0.72015922,1.63966276
0.4504796800000001,0.83460448,1.68318904
0.28862007999999995,0.90491152,1.68723934
0.09644693999999987,0.94150186,1.6769791699999999
-0.09682479999999999,0.93943296,1.67098745
-0.2626627400000001,0.8990007600000001,1.64965988
-0.39526088000000004,0.8449998400000001,1.6395787
-0.5091230000000001,0.7786040000000001,1.63294675
-0.5835302399999999,0.72207708,1.62814288
-0.59718274,0.6978328200000001,1.6048002499999998
-0.58352314,0.70217586,1.59174317
-0.5505429199999999,0.73101102,1.59678524
-0.47304396000000004,0.7845973199999999,1.59927194
-0.35183201999999997,0.84481946,1.5968948900000002
-0.19925616000000002,0.89727272,1.60604654
-0.04571731999999995,0.9315339999999999,1.63905951
0.13286462000000018,0.93831066,1.68042965
0.29122417999999994,0.91291028,1.7142139600000001
0.41988771999999996,0.8610308,1.7130412499999998
0.5253040600000001,0.7983019199999999,1.7052128
0.61114266,0.73304582,1.7014031900000002
0.67873356,0.6632146800000001,1.6846942699999998
0.7437538399999999,0.57414188,1.6572878699999998
0.75555336,0.55549938,1.65293424
0.7402567600000001,0.57775408,1.6562220300000001
0.69307026,0.63642122,1.66125923
0.63063576,0.6947987200000001,1.6538398699999999
0.53063708,0.77162898,1.64906204
0.4063735399999999,0.8423224199999999,1.64614247
0.2829596,0.8931291600000001,1.64999288
0.16596455999999993,0.92250138,1.65146184
0.05617623999999999,0.9268222800000001,1.6287989600000001
-0.012055440000000084,0.90760032,1.5804134099999998
-0.06158881999999999,0.85117628,1.4786439599999999
-0.10157689999999997,0.7521240199999999,1.34897289
-0.12247108000000001,0.62580476,1.2297664900000003
-0.11054222,0.4739449,1.12640779
-0.08857668000000002,0.32265524,1.0576347799999999
-0.043642959999999995,0.19244496,1.01964662
-0.009309200000000004,0.0578236,1.0018399
-0.00707812,-0.06012916,1.00178515
-0.017608979999999996,-0.16610658,1.01405731
-0.02956799999999999,-0.2086656,1.0223520000000001
-0.04048358,-0.19479678,1.01989931
-0.039788479999999994,-0.18746896000000002,1.01850262
-0.03162431999999999,-0.16859612000000002,1.01477069
-0.034364900000000004,-0.16495369999999998,1.01425945
-0.04875669999999998,-0.1943031,1.02027929
-0.07554552,-0.23535724000000002,1.03098461
-0.06991971999999999,-0.23363906,1.0301102800000002
-0.051367699999999995,-0.22820036,1.0277285999999999
-0.02618095999999997,-0.24310832,1.03032792
-0.03485288000000003,-0.2530932,1.03318055
-0.033301299999999985,-0.26082565999999996,1.03518975
-0.04247862,-0.26308204,1.03618076
-0.04261342000000001,-0.26151764,1.03576396
-0.04254964000000001,-0.26819948,1.03762405
-0.043523460000000035,-0.26902722,1.0378954500000002
-0.04951967999999999,-0.25931084,1.0354892900000001
-0.05618364,-0.24096528,1.0311141899999998
-0.06032611999999998,-0.23103534000000003,1.0288658
-0.04812851999999999,-0.22104876,1.0259501799999997
-0.020285120000000004,-0.1817248,1.01687991
-0.017820199999999994,-0.176285,1.01578735
-0.016701439999999998,-0.16878392,1.01452762
-0.009647340000000004,-0.14596747999999998,1.0107993199999998
-0.003384100000000001,-0.1091194,1.00595524
-0.0006471199999999941,-0.07933915999999999,1.00314309
0.0006286399999999998,-0.0700772,1.00247205
0.005052840000000003,-0.06305732,1.00192091
0.01523816,-0.06742039999999999,1.00237663
0.01963178,-0.06485795999999999,1.00228004
0.02036902000000001,-0.06640714,1.0024486499999998
0.021508319999999997,-0.06914946,1.00252096
0.02375942,-0.07248814,1.00292569
0.029578399999999998,-0.0830644,1.0040044499999998
0.031110359999999993,-0.0890237,1.0044998
0.03447498,-0.09685378,1.00532369
0.037602680000000006,-0.10262108,1.00606614
0.039185359999999995,-0.10336179999999998,1.0061780500000002
0.04085788,-0.10759114,1.00667692
0.04419674,-0.10911462,1.0069777100000001
0.046809340000000005,-0.11139262,1.00726455
0.053319599999999995,-0.11705136,1.00840048
0.06382044,-0.12508218,1.0100407599999999
0.06765374,-0.13189632,1.01090288
0.06995079999999998,-0.13864063999999998,1.0119635200000001
0.07311150000000001,-0.14286449999999998,1.01301715
0.07463348,-0.15152556,1.01424998
0.07426312000000002,-0.15944728,1.01566266
0.07646736,-0.16753656,1.0171512699999998
0.0787882,-0.1713382,1.01799565
0.07889820000000003,-0.17517998000000004,1.01851436
0.08272168000000002,-0.17591043999999997,1.0189802399999999
0.07835148000000002,-0.178667,1.0191029
0.026520000000000002,-0.205768,1.02182255
0.05142276,-0.12544824,1.00925848
0.07964306,-0.06080117999999999,1.00508351
0.08134733999999999,-0.003446859999999996,1.00319153
0.08005630000000001,0.04458084,1.00424012
0.08324976,0.1125366,1.00994793
0.07331432000000002,0.17809304,1.01866234
0.04048790000000002,0.271447,1.03839396
0.038811199999999976,0.38754955999999996,1.07878083
0.01986127999999994,0.51805422,1.1449649599999998
0.05011323999999995,0.60402366,1.20451652
0.06859212000000003,0.63539316,1.2308130299999998
0.040212939999999975,0.6812951799999999,1.2691361700000001
0.0035665599999999964,0.7189624799999998,1.3048629799999998
-0.0116541,0.76103526,1.3513985700000002
0.01385597999999999,0.8125562,1.4170742
0.08308559999999995,0.84883936,1.4779839799999999
0.09351572000000002,0.86679708,1.51057919
0.11397618000000001,0.8681102,1.5168722
0.1355384,0.8482451999999999,1.4880617
0.12674645999999992,0.80776078,1.42424033
0.15210265999999995,0.7579535,1.36545885
0.19569173999999995,0.72669944,1.34133608
0.14361629999999992,0.7096081,1.3099995500000001
0.14086288000000002,0.67293864,1.2738208100000001
0.14168586,0.6539330999999999,1.25672527
0.13520238000000007,0.6038005399999999,1.21440071
0.08638480000000004,0.51825536,1.14914023
0.04789339999999996,0.43597699999999995,1.1013937
0.01786837999999999,0.35440348,1.0650456399999997
-0.018560519999999997,0.27363006,1.03836532
-0.04555453999999999,0.20268418,1.02176487
-0.06674201999999999,0.12343224,1.00997352
-0.05961242,0.04346282,1.0027684899999998
-0.05197212,-0.015619879999999997,1.00163189
-0.042059599999999996,-0.07405845999999999,1.00368472
-0.026505600000000004,-0.14162898000000002,1.0104386399999998
-0.05452976,-0.12868452,1.00985297
-0.10911262000000001,-0.03433875999999998,1.0065944399999998
-0.11632174,0.014578819999999992,1.00676227
-0.0754167,0.021169400000000005,1.0030298
-0.07114179999999999,0.07907528,1.00564845
-0.10595002,0.19216942000000004,1.02426189
-0.12265564000000001,0.3139854,1.0585132700000002
-0.09387847999999996,0.42287189999999997,1.0986175999999999
-0.09478302,0.5210575,1.1517195500000001
-0.0841606800000001,0.61113624,1.21303624
-0.05716198,0.6816091799999999,1.27052459
-0.09696428000000001,0.75546892,1.3521227100000002
-0.0780737600000001,0.7887978400000001,1.39018578
-0.058773839999999966,0.8217667200000001,1.43306353
-0.007784720000000023,0.87220904,1.51105044
0.07201728000000004,0.8838465200000001,1.5378944900000002
0.10049368,0.8794742600000001,1.53471264
0.07596808,0.87660636,1.52474312
0.08286444000000001,0.83042968,1.4490103699999999
0.0836035,0.7701568999999999,1.3676827499999997
0.06642320000000002,0.7004253600000001,1.2893287999999998
0.055980520000000034,0.62041192,1.21757896
0.057187999999999975,0.5330576,1.1557909199999998
0.05967815999999995,0.44200112,1.1050349000000002
0.058651100000000025,0.3431981,1.06258045
0.04791955999999998,0.24375888,1.0313835199999999
0.019634819999999997,0.14242514,1.01040161
-0.04648072,0.01402376,1.00130058
-0.06972916,-0.08449832,1.0060663300000001
-0.04762356000000001,-0.1612132,1.01409533
-0.03252130000000001,-0.22387590000000002,1.02592193
-0.021156340000000003,-0.26409836000000003,1.03575732
-0.01999198000000002,-0.29802634000000006,1.04557441
-0.037610279999999996,-0.32320314,1.05441284
-0.06892116000000001,-0.28668138000000004,1.0445765999999999
-0.07771628000000003,-0.15500660000000002,1.01507379
-0.03243707999999999,-0.05803176,1.00213464
0.033297299999999995,0.05216346,1.0019035299999999
0.05731123999999999,0.16398052,1.0152490299999999
0.04118178,0.3006726,1.04710596
0.03260188,0.40767072000000004,1.0875961100000002
0.010573639999999995,0.5142007799999999,1.14244844
-0.0021402000000000365,0.60617584,1.20469712
0.00419449999999999,0.68626242,1.2726060499999998
0.024217560000000027,0.75424988,1.3437533899999998
0.060543840000000015,0.81434932,1.42280273
0.06269222000000002,0.87254274,1.51556867
0.09723242000000004,0.8992417600000001,1.5734372799999998
0.12390339999999997,0.9140026000000001,1.6139086599999999
0.15325447999999997,0.9044295600000001,1.60210943
0.1195068799999999,0.87909024,1.53839768
0.15282387999999997,0.8205038,1.44908745
0.17761660000000004,0.74843718,1.36097924
0.18265146000000004,0.73238042,1.34410691
0.17519634,0.7313863199999999,1.34089672
0.12643409999999994,0.6732237,1.2714742499999998
0.07086058000000005,0.55292292,1.1697179599999998
0.015652760000000016,0.43311544,1.09887837
-0.01517226000000002,0.3247938,1.0543186
0.010154299999999991,0.18330786,1.0170317299999998
0.05498706,0.06886338,1.0038650699999998
0.09784144,0.010060920000000004,1.00488176
0.09883946,-0.03900022,1.00554591
0.04328767999999999,-0.065352,1.00308755
0.038253819999999994,-0.0941759,1.00515999
0.04299488,-0.09708746000000001,1.00566264
0.053731600000000004,-0.11379152,1.00794765
0.10449988000000002,-0.13895204,1.01528754
0.22840794000000003,-0.16703682,1.04084011
0.34948788,-0.18872504,1.08221729
0.45055104,-0.17286968000000003,1.12413152
0.5335142,-0.19235800000000003,1.1763093900000001
0.60807992,-0.22834519999999997,1.2398907000000001
0.6972894000000001,-0.20867523999999998,1.31447957
0.7641854800000001,-0.19904673999999994,1.38654204
0.7999859,-0.1702665,1.4246185100000002
0.86798352,-0.14312148000000002,1.52429421
0.9171010599999999,-0.18615507999999992,1.64767348
0.9301635800000001,-0.18275922,1.68145499
0.92897724,-0.11767444000000005,1.64902793
0.9400536599999999,-0.05744453999999993,1.66404937
0.9368040999999999,-0.07915529999999998,1.65885365
0.91315054,-0.22004045999999994,1.6566865700000002
0.86054462,-0.2953941400000001,1.58484571
0.8111308,-0.3234564000000001,1.5127028599999999
0.76702638,-0.3541269399999999,1.46501381
0.6865895,-0.36834002,1.37317225
0.61451784,-0.35264106000000006,1.29436112
0.57998858,-0.27971464,1.23487096
0.49610909999999997,-0.16952323999999994,1.14845468
0.39695537999999997,-0.20745663999999997,1.1059587200000003
0.33814199999999994,-0.24078918000000002,1.09020576
0.30094604,-0.22319088000000004,1.07281451
0.25292052000000004,-0.17359164,1.04828206
0.2110942,-0.20129287999999998,1.04336805
0.20594806000000002,-0.20831345999999998,1.04381303
0.25293604000000003,-0.15989715999999998,1.0458237700000002
0.31216684,-0.13859823999999998,1.06012048
0.42645752,-0.14387776,1.10695072
0.5325523999999999,-0.16675200000000004,1.1702172499999999
0.02158614,-0.41712242,1.57125011
0.00013854,-0.01064458,1.50963767
0.7969212,-0.18077240000000006,1.4236106
0.8718705,-0.06178275999999999,1.51403732
0.9213334799999999,-0.07075419999999999,1.61775314
0.9528637599999998,-0.07423767999999992,1.7061163
0.9773676599999999,-0.07168451999999997,1.80076188
0.98829496,-0.07446460000000016,1.86713128
0.9866520599999999,-0.08615903999999996,1.86170592
0.9779769,-0.05599539999999997,1.7992118000000001
0.9497574,-0.09568740000000003,1.7022979500000002
0.9022217400000001,-0.12164226000000006,1.58583397
0.8416422400000001,-0.14228543999999999,1.47899657
0.7485598800000001,-0.15340216000000007,1.3551251899999999
0.63246096,-0.22247696000000003,1.25806142
0.51136216,-0.28819202,1.1904568800000002
0.41622938,-0.32585206000000005,1.15108309
0.3323034,-0.35599476,1.1265421
0.29450489999999996,-0.39369102,1.1291413499999998
0.24942110000000003,-0.4359746,1.1353642
0.13344846,-0.44504915999999994,1.11453172
0.09876132000000004,-0.44830744,1.11149999
0.11449932000000002,-0.44423172,1.1112582100000001
0.13456268,-0.44021076000000003,1.11220505
0.10177830000000002,-0.41207466000000004,1.0945118699999998
0.19401792000000004,-0.36241376000000003,1.08850244
0.29875754000000004,-0.3034145000000001,1.0951601499999999
0.44100295999999994,-0.26484328,1.1424922
0.54864552,-0.23912856,1.19897073
0.66819992,-0.23075584000000005,1.2927753599999998
0.7675254,-0.22298546000000008,1.39911428
0.00015076000000000003,-0.0001508,1.4316347999999999
0.88986654,-0.20663865999999997,1.5931090700000001
0.92223916,-0.13257204,1.6368288199999999
0.9496661200000001,-0.06746104000000003,1.6940456099999999
0.00565042,-0.4823558600000001,1.66150723
0.00014700000000000002,-0.00014704,1.459628
0.00015050000000000003,-0.00015054,1.43359325
0.8490161199999999,-0.25131313999999993,1.53505852
0.8126568200000001,-0.2696583199999999,1.48310304
0.7639070400000001,-0.32601391999999996,1.44330596
0.66989946,-0.37248828000000006,1.3576146
0.58065564,-0.39858844,1.29012722
0.48907304000000007,-0.4313823200000001,1.2418595799999999
0.41814447999999993,-0.4497756399999999,1.21081999
0.36176893999999993,-0.47158362,1.19569949
0.35583770000000003,-0.49962862,1.21014009
0.3434062600000001,-0.4986602,1.2042754
0.30024799999999996,-0.48683959999999993,1.1798053
0.25197224000000007,-0.46025868,1.1486902099999998
0.23291905999999998,-0.44475052000000004,1.13519988
0.14664564000000002,-0.45120930000000004,1.11982852
0.11196092000000002,-0.46510191999999995,1.12176864
0.11497998000000001,-0.4606844,1.1198276000000003
0.12300955999999999,-0.4574293,1.11920508
0.12956359999999997,-0.45341938000000004,1.1181721599999999
0.13980289999999995,-0.45273810000000003,1.11944105
0.13948126,-0.44833248000000003,1.1171698399999999
0.12748308,-0.44388552000000003,1.11301659
0.12128514000000004,-0.42528186,1.1031801300000001
0.13640957999999997,-0.43428078000000003,1.1095390100000002
0.14944973999999997,-0.45424141999999995,1.12166837
0.16774266,-0.44087266,1.11826757
0.1753088,-0.4113536,1.1054847999999997
0.18582688000000003,-0.37405784000000003,1.09137343
0.21487554000000003,-0.34385382,1.08581013
0.26424168000000003,-0.32406732,1.09166869
0.26544760000000006,-0.32062384000000005,1.0907482499999999
0.24934476,-0.33271728,1.09051609
0.24259738000000003,-0.33061779999999996,1.08788916
0.24096714,-0.33564842,1.0894079300000001
0.21353924000000002,-0.33693422,1.08294316
0.19810652,-0.34146363999999996,1.0812075700000001
0.18807227999999998,-0.34829558,1.08179204
0.15679984,-0.36369863999999996,1.08180752
0.16959311999999999,-0.36813653999999996,1.08581248
0.18117212,-0.36243794,1.08583476
0.16213504000000006,-0.3612076000000001,1.08179403
0.15609868,-0.33333672000000003,1.07023784
0.16192252000000001,-0.2751616,1.05233461
0.1715022,-0.16449000000000003,1.0285804
0.18242964,-0.05845538,1.01855252
0.15594372,0.07701172,1.01512889
0.10088386,0.22504358000000005,1.03096837
0.029835760000000017,0.37138134,1.07198672
-0.023032280000000016,0.48299692000000005,1.12472871
-0.043612859999999976,0.58505926,1.19019017
-0.05449362000000002,0.68103954,1.2697796700000001
-0.05005910000000002,0.7605717,1.3527168500000002
-0.005270499999999956,0.816539,1.42270444
0.04058850000000008,0.8372965000000001,1.45490675
0.06187095999999995,0.83944628,1.46004405
-0.011473320000000009,0.8399508,1.4574109499999999
-0.14829467999999996,0.8148182399999999,1.43968435
-0.25081396,0.7907,1.4417368
-0.37109179999999997,0.7445059599999999,1.4451422200000001
-0.44106787999999997,0.69833922,1.43619764
-0.4173493,0.6463043799999999,1.3612930900000002
-0.41498897999999995,0.60237444,1.31824108
-0.4459938200000001,0.6203793,1.3548809899999998
-0.44960508,0.6380948000000001,1.37503256
-0.40641231999999994,0.6848674800000001,1.3952803099999997
-0.2928694599999999,0.7321369799999999,1.38498473
-0.11988659999999995,0.7549751999999998,1.35520368
-0.03958405999999992,0.7412037200000001,1.32983188
0.03127798000000004,0.76716524,1.3592750800000002
0.12622001999999993,0.7675654199999999,1.37150251
0.22232518000000007,0.73156102,1.35542469
0.34384799999999993,0.7266144,1.40506048
0.43244586,0.6657126200000001,1.3920161899999999
0.48823662000000007,0.61821546,1.38411229
0.5404476999999999,0.5707023,1.3817435900000001
0.6145924,0.49776096000000003,1.38806078
0.6388385999999999,0.50535432,1.4196924
0.64687298,0.45646722,1.3891448899999999
0.6511280399999999,0.48202491999999997,1.4137076899999999
0.67232062,0.49917278,1.45335271
0.65858764,0.4659476,1.4090982699999999
0.6275376,0.48959063999999997,1.39459205
0.56344748,0.5397281599999999,1.37435008
0.4589975199999999,0.61205786,1.3559644
0.3465222199999999,0.65248982,1.32605709
0.18536218000000002,0.70684496,1.31747616
0.03141284,0.70775772,1.2943736599999998
-0.09735317999999998,0.72570798,1.31885741
-0.17650986000000002,0.69575802,1.30383991
-0.22821211999999996,0.6962728600000001,1.3195577200000002
-0.28693896,0.6858019200000001,1.3311983699999999
-0.30036492000000004,0.6822869599999999,1.33340549
-0.3718438399999999,0.70971304,1.4016074200000002
-0.35460132,0.70143114,1.38195036
-0.4022870800000001,0.6955102400000001,1.40465997
-0.42426224,0.68551944,1.40842352
-0.38193168,0.6830293599999999,1.37749136
-0.276946,0.6944975200000001,1.3360181400000002
-0.19154963999999997,0.7220882399999999,1.33516717
-0.10795359999999998,0.74762788,1.34486041
0.045603400000000016,0.7611046399999999,1.3529082300000002
0.18772400000000009,0.7406906,1.35487059
0.29762623999999993,0.7129648399999999,1.36508848
0.3304516799999999,0.7207337999999999,1.39054915
0.3586323599999999,0.7366685399999999,1.42687172
0.3583798799999999,0.76465486,1.4645608399999999
0.2781069800000001,0.81624586,1.49369647
0.33654242,0.74140886,1.4194182899999999
0.3996144599999999,0.69803572,1.4059382
0.4226363,0.6795414200000001,1.40038119
0.4785750599999999,0.6141312800000001,1.3725012799999998
0.56591288,0.5366278,1.37398885
0.63151904,0.46694223999999995,1.38096468
0.68195416,0.4661889800000001,1.43622216
0.6748980000000001,0.454434,1.418677
0.6578160999999999,0.5003365,1.43702925
0.64098816,0.54662892,1.4612833900000002
0.6126806400000001,0.56632368,1.4485781199999999
0.55165112,0.63681456,1.4614309699999999
0.4504499799999999,0.71151254,1.4607954900000002
0.35454081999999987,0.7224284599999999,1.40629611
0.21923069999999997,0.7451462400000001,1.3703423199999998
0.11253083999999997,0.7691008800000001,1.37093688
0.059812599999999994,0.75822492,1.3506029000000002
0.014838720000000083,0.73373436,1.32075427
-0.08166024000000005,0.72789228,1.3191157100000002
-0.016141600000000034,0.6964657999999999,1.2824267200000001
0.0012731599999999954,0.77266932,1.36518338
-0.06630936000000004,0.8008166399999999,1.40473312
-0.17682210000000004,0.7255323,1.33485195
-0.31079073999999995,0.65264542,1.3090968699999999
-0.29208032000000006,0.6798436000000001,1.32729975
-0.31878293999999996,0.6444445400000001,1.3049386699999999
-0.3292331599999999,0.6424137000000001,1.30791188
-0.2678151200000001,0.7098866399999999,1.3487624299999998
-0.19476416000000002,0.7956051199999999,1.4262199199999999
-0.07246654000000002,0.81781578,1.42916285
0.11733815999999994,0.82442232,1.4465958099999998
0.20924782,0.81533094,1.4602799300000002
0.29498789999999997,0.8240341,1.51615787
0.3594898000000001,0.82430934,1.5628274
0.4547266000000001,0.7864236000000001,1.5816092
0.49630850000000004,0.73325504,1.53511128
0.52468848,0.67133944,1.47653843
0.5450666399999999,0.64849102,1.4686179199999998
0.56817072,0.6631040400000001,1.51258957
0.5526304999999999,0.6885904,1.5304728
0.5623543799999999,0.68404686,1.53533859
0.54657898,0.6752828200000001,1.50479601
